{
  "properties": {
    "connectionReferences": {
      "shared_onedriveforbusiness": {
        "runtimeSource": "embedded",
        "connection": {},
        "api": {
          "name": "shared_onedriveforbusiness"
        }
      },
      "shared_sharepointonline": {
        "runtimeSource": "embedded",
        "connection": {},
        "api": {
          "name": "shared_sharepointonline"
        }
      }
    },
    "definition": {
      "$schema": "https://schema.management.azure.com/providers/Microsoft.Logic/schemas/2016-06-01/workflowdefinition.json#",
      "contentVersion": "1.0.0.0",
      "parameters": {
        "$connections": {
          "defaultValue": {},
          "type": "Object"
        },
        "$authentication": {
          "defaultValue": {},
          "type": "SecureObject"
        }
      },
      "triggers": {
        "When_a_file_is_created_or_modified_(properties_only)": {
          "recurrence": {
            "frequency": "Minute",
            "interval": 1
          },
          "splitOn": "@triggerOutputs()?['body/value']",
          "metadata": {
            "operationMetadataId": "0ef51b76-fe2c-4238-968f-f4e37da5fc8f"
          },
          "type": "OpenApiConnection",
          "inputs": {
            "host": {
              "apiId": "/providers/Microsoft.PowerApps/apis/shared_sharepointonline",
              "connectionName": "shared_sharepointonline",
              "operationId": "GetOnUpdatedFileItems"
            },
            "parameters": {
              "dataset": "https://democsuappinnovation.sharepoint.com/sites/PolicyConversionDemo",
              "table": "165dde89-b6f5-4cee-af59-d8100259d879",
              "view": "28bb182c-e856-4e15-8860-fe9ff7e3c597"
            },
            "authentication": "@parameters('$authentication')"
          }
        }
      },
      "actions": {
        "Extract_archive_to_folder": {
          "runAfter": {
            "Create_file": [
              "Succeeded"
            ]
          },
          "metadata": {
            "operationMetadataId": "221774a9-d933-487c-b9ff-9676159e9edc"
          },
          "type": "OpenApiConnection",
          "inputs": {
            "host": {
              "apiId": "/providers/Microsoft.PowerApps/apis/shared_onedriveforbusiness",
              "connectionName": "shared_onedriveforbusiness",
              "operationId": "ExtractFolderV2"
            },
            "parameters": {
              "source": "@outputs('Create_file')?['body/Path']",
              "destination": "Archive",
              "overwrite": true
            },
            "authentication": "@parameters('$authentication')"
          }
        },
        "Create_file": {
          "runAfter": {
            "Get_file_content": [
              "Succeeded"
            ]
          },
          "metadata": {
            "operationMetadataId": "6d0d12d3-ca86-451e-b4ad-0fc56c011d62"
          },
          "type": "OpenApiConnection",
          "inputs": {
            "host": {
              "apiId": "/providers/Microsoft.PowerApps/apis/shared_onedriveforbusiness",
              "connectionName": "shared_onedriveforbusiness",
              "operationId": "CreateFile"
            },
            "parameters": {
              "folderPath": "/Archive",
              "name": "@triggerOutputs()?['body/{FilenameWithExtension}']",
              "body": "@body('Get_file_content')"
            },
            "authentication": "@parameters('$authentication')"
          },
          "runtimeConfiguration": {
            "contentTransfer": {
              "transferMode": "Chunked"
            }
          }
        },
        "Get_file_content": {
          "runAfter": {},
          "metadata": {
            "operationMetadataId": "17094ddd-666f-429e-b292-aa52205ffda2"
          },
          "type": "OpenApiConnection",
          "inputs": {
            "host": {
              "apiId": "/providers/Microsoft.PowerApps/apis/shared_sharepointonline",
              "connectionName": "shared_sharepointonline",
              "operationId": "GetFileContent"
            },
            "parameters": {
              "dataset": "https://democsuappinnovation.sharepoint.com/sites/PolicyConversionDemo",
              "id": "@triggerOutputs()?['body/{Identifier}']",
              "inferContentType": true
            },
            "authentication": "@parameters('$authentication')"
          }
        },
        "Find_Document.xml_File": {
          "runAfter": {
            "Extract_archive_to_folder": [
              "Succeeded"
            ]
          },
          "metadata": {
            "operationMetadataId": "54c059ee-f756-4794-9b70-98e0efb57a85"
          },
          "type": "Query",
          "inputs": {
            "from": "@body('Extract_archive_to_folder')",
            "where": "@and(startsWith(item()['Name'], 'document'), endsWith(item()['Name'], 'xml'))"
          }
        },
        "Get_file_content_for_Document.xml": {
          "runAfter": {
            "Find_Document.xml_File": [
              "Succeeded"
            ]
          },
          "metadata": {
            "operationMetadataId": "93d924b9-7bc4-4980-9e6e-e15a0c6f6bf7"
          },
          "type": "OpenApiConnection",
          "inputs": {
            "host": {
              "apiId": "/providers/Microsoft.PowerApps/apis/shared_onedriveforbusiness",
              "connectionName": "shared_onedriveforbusiness",
              "operationId": "GetFileContent"
            },
            "parameters": {
              "id": "@first(body('Find_Document.xml_File'))['Id']",
              "inferContentType": true
            },
            "authentication": "@parameters('$authentication')"
          }
        },
        "Extract_Text": {
          "runAfter": {
            "Get_file_content_for_Document.xml": [
              "Succeeded"
            ]
          },
          "metadata": {
            "operationMetadataId": "9f9e032f-7cba-48ea-825d-25196a64f76e"
          },
          "type": "Compose",
          "inputs": "@xpath(xml(outputs('Get_file_content_for_Document.xml')?['body']), '//*[name()=''w:t'']/text()')"
        },
        "Create_file_2": {
          "runAfter": {
            "Compose": [
              "Succeeded"
            ]
          },
          "metadata": {
            "operationMetadataId": "8d9b5a84-65cd-486c-b0d5-ffcde9c7effc"
          },
          "type": "OpenApiConnection",
          "inputs": {
            "host": {
              "apiId": "/providers/Microsoft.PowerApps/apis/shared_onedriveforbusiness",
              "connectionName": "shared_onedriveforbusiness",
              "operationId": "CreateFile"
            },
            "parameters": {
              "folderPath": "/Archive",
              "name": "@{triggerOutputs()?['body/{Name}']}.html",
              "body": "@outputs('Extract_Text')"
            },
            "authentication": "@parameters('$authentication')"
          },
          "runtimeConfiguration": {
            "contentTransfer": {
              "transferMode": "Chunked"
            }
          }
        },
        "Extract_Authors": {
          "runAfter": {
            "Extract_Text": [
              "Succeeded"
            ]
          },
          "metadata": {
            "operationMetadataId": "94b1f572-027d-443c-b85a-15ab4b6eca2f"
          },
          "type": "Compose",
          "inputs": "@xpath(xml(outputs('Get_file_content_for_Document.xml')?['body']), '//@*[local-name()=''author''] | //@*[local-name()=''author'']/child::''w:t''')"
        },
        "Compose": {
          "runAfter": {
            "Extract_Authors": [
              "Succeeded"
            ]
          },
          "metadata": {
            "operationMetadataId": "0d7e940d-189e-4160-ada0-a7c0bfb8252d"
          },
          "type": "Compose",
          "inputs": "@xml(outputs('Extract_Authors')[1])"
        }
      },
      "outputs": {}
    },
    "templateName": "78720f54e49444d0bd456477288a7ef7"
  },
  "schemaVersion": "1.0.0.0"
}