{"schemaVersion":"1.0","appDefinitionTemplate":{"id":"/providers/Microsoft.PowerApps/apps/","type":"Microsoft.PowerApps/apps","tags":{"primaryDeviceWidth":"1366","primaryDeviceHeight":"768","sienaVersion":"20220207T141359Z-3.22013.7.0","deviceCapabilities":"","supportsPortrait":"false","supportsLandscape":"true","primaryFormFactor":"Tablet","publisherVersion":"3.22013.7","minimumRequiredApiVersion":"2.2.0","hasComponent":"false","hasUnlockedComponent":"false","isUnifiedRootApp":"false"},"properties":{"appVersion":"2022-02-07T14:13:59Z","lifeCycleId":"Published","createdByClientVersion":{"major":3,"minor":22013,"build":7,"revision":0,"majorRevision":0,"minorRevision":0},"minClientVersion":{"major":3,"minor":22013,"build":7,"revision":0,"majorRevision":0,"minorRevision":0},"backgroundColor":"rgba(18, 107, 240, 1)","backgroundImageUri":"/11193872610800774819/N8c149de7-7ed5-44ca-b9cb-054d36987138-logoSmallFile","displayName":"Book A Room","description":"Quickly find work spaces for meetings—filter by date, time, and location until you find the perfect spot. Reserve with the tap of a button","commitMessage":"","appUris":{"documentUri":{"value":"/11193872610800774819/N73a7f976-e257-4f18-8fef-144e30c6d4ae-document.msapp"},"imageUris":[]},"createdTime":"0001-01-01T00:00:00Z","lastModifiedTime":"0001-01-01T00:00:00Z","sharedGroupsCount":0,"sharedUsersCount":0,"icons":{"smallIconUri":"/11193872610800774819/N031bf50e-aa0e-401b-adad-637d2f3eb4ca-small.png","mediumIconUri":"/11193872610800774819/Nae5b0700-0e08-480d-8ed1-9954bd97c84b-medium.png","largeIconUri":"/11193872610800774819/N5647cc51-39ac-45ff-a517-a68140e09744-large.png","wideIconUri":"/11193872610800774819/N8f3f9932-cfc8-4074-ba64-06956cf10d40-wide.png"},"connectionReferences":{"177c5454-dfbb-4a45-b731-44a44718f323":{"id":"00c0d607-3284-4e49-8b64-ebf22729c8ee","displayName":"Office 365 Outlook","iconUri":"https://connectoricons-prod.azureedge.net/releases/v1.0.1538/1.0.1538.2621/office365/icon.png","dataSources":["Office365"],"dependencies":[],"dependents":[],"parameterHints":{},"parameterHintsV2":{},"isOnPremiseConnection":false,"dataSets":{},"apiTier":"Standard","isCustomApiConnection":false,"actions":["GetRoomLists","GetRooms","CalendarGetTables","GetEventsCalendarViewV2","FindMeetingTimes","GetRoomsInRoomList","V2CalendarPostItem","V2CalendarPatchItem"]},"c2cc55f3-9620-47e5-a551-6fd0e9ba33bb":{"id":"e0e840c6-dbf2-4c9f-850f-67827aec08e6","displayName":"Office 365 Users","iconUri":"https://connectoricons-prod.azureedge.net/releases/v1.0.1528/1.0.1528.2589/office365users/icon.png","dataSources":["Office365Users"],"dependencies":[],"dependents":[],"parameterHints":{},"parameterHintsV2":{},"isOnPremiseConnection":false,"dataSets":{},"apiTier":"Standard","isCustomApiConnection":false,"actions":["MyProfile"]}},"databaseReferences":{},"almMode":"Environment","performanceOptimizationEnabled":true,"canConsumeAppPass":true,"executionRestrictions":{"isTeamsOnly":false,"dataLossPreventionEvaluationResult":{"status":"Compliant","lastEvaluationDate":"2022-02-07T14:14:14.8485107Z","violations":[],"violationsByPolicy":[],"violationErrorMessage":"The app uses the following connectors: shared_office365, shared_office365users."}}},"appType":"ClassicCanvasApp","appComponents":[]}}