<ImportExportXml version="9.2.25031.234" SolutionPackageVersion="9.2" languagecode="1033" generatedBy="CrmLive" xmlns:xsi="http://www.w3.org/2001/XMLSchema-instance" OrganizationVersion="9.2.25031.234" OrganizationSchemaType="Full" CRMServerServiceabilityVersion="9.2.25032.00238">
  <SolutionManifest>
    <UniqueName>ResumeSimpleMDAsolution</UniqueName>
    <LocalizedNames>
      <LocalizedName description="AI Recruiting Solution" languagecode="1033" />
    </LocalizedNames>
    <Descriptions />
    <Version>1.0.0.3</Version>
    <Managed>0</Managed>
    <Publisher>
      <UniqueName>SAELTEPU</UniqueName>
      <LocalizedNames>
        <LocalizedName description="Sunny Eltepu" languagecode="1033" />
      </LocalizedNames>
      <Descriptions />
      <EMailAddress xsi:nil="true"></EMailAddress>
      <SupportingWebsiteUrl xsi:nil="true"></SupportingWebsiteUrl>
      <CustomizationPrefix>saeltepu</CustomizationPrefix>
      <CustomizationOptionValuePrefix>52805</CustomizationOptionValuePrefix>
      <Addresses>
        <Address>
          <AddressNumber>1</AddressNumber>
          <AddressTypeCode>1</AddressTypeCode>
          <City xsi:nil="true"></City>
          <County xsi:nil="true"></County>
          <Country xsi:nil="true"></Country>
          <Fax xsi:nil="true"></Fax>
          <FreightTermsCode xsi:nil="true"></FreightTermsCode>
          <ImportSequenceNumber xsi:nil="true"></ImportSequenceNumber>
          <Latitude xsi:nil="true"></Latitude>
          <Line1 xsi:nil="true"></Line1>
          <Line2 xsi:nil="true"></Line2>
          <Line3 xsi:nil="true"></Line3>
          <Longitude xsi:nil="true"></Longitude>
          <Name xsi:nil="true"></Name>
          <PostalCode xsi:nil="true"></PostalCode>
          <PostOfficeBox xsi:nil="true"></PostOfficeBox>
          <PrimaryContactName xsi:nil="true"></PrimaryContactName>
          <ShippingMethodCode>1</ShippingMethodCode>
          <StateOrProvince xsi:nil="true"></StateOrProvince>
          <Telephone1 xsi:nil="true"></Telephone1>
          <Telephone2 xsi:nil="true"></Telephone2>
          <Telephone3 xsi:nil="true"></Telephone3>
          <TimeZoneRuleVersionNumber xsi:nil="true"></TimeZoneRuleVersionNumber>
          <UPSZone xsi:nil="true"></UPSZone>
          <UTCOffset xsi:nil="true"></UTCOffset>
          <UTCConversionTimeZoneCode xsi:nil="true"></UTCConversionTimeZoneCode>
        </Address>
        <Address>
          <AddressNumber>2</AddressNumber>
          <AddressTypeCode>1</AddressTypeCode>
          <City xsi:nil="true"></City>
          <County xsi:nil="true"></County>
          <Country xsi:nil="true"></Country>
          <Fax xsi:nil="true"></Fax>
          <FreightTermsCode xsi:nil="true"></FreightTermsCode>
          <ImportSequenceNumber xsi:nil="true"></ImportSequenceNumber>
          <Latitude xsi:nil="true"></Latitude>
          <Line1 xsi:nil="true"></Line1>
          <Line2 xsi:nil="true"></Line2>
          <Line3 xsi:nil="true"></Line3>
          <Longitude xsi:nil="true"></Longitude>
          <Name xsi:nil="true"></Name>
          <PostalCode xsi:nil="true"></PostalCode>
          <PostOfficeBox xsi:nil="true"></PostOfficeBox>
          <PrimaryContactName xsi:nil="true"></PrimaryContactName>
          <ShippingMethodCode>1</ShippingMethodCode>
          <StateOrProvince xsi:nil="true"></StateOrProvince>
          <Telephone1 xsi:nil="true"></Telephone1>
          <Telephone2 xsi:nil="true"></Telephone2>
          <Telephone3 xsi:nil="true"></Telephone3>
          <TimeZoneRuleVersionNumber xsi:nil="true"></TimeZoneRuleVersionNumber>
          <UPSZone xsi:nil="true"></UPSZone>
          <UTCOffset xsi:nil="true"></UTCOffset>
          <UTCConversionTimeZoneCode xsi:nil="true"></UTCConversionTimeZoneCode>
        </Address>
      </Addresses>
    </Publisher>
    <RootComponents>
      <RootComponent type="1" schemaName="crd26_resume_scanner_jobopening" behavior="0" />
      <RootComponent type="1" schemaName="crd26__resume_scanner_jobapplication" behavior="0" />
      <RootComponent type="1" schemaName="saeltepu_hiringprocess" behavior="0" />
      <RootComponent type="29" id="{564bf7bb-aa18-f011-998a-001dd80a6896}" behavior="0" />
      <RootComponent type="29" id="{796b45ff-9a18-f011-998a-001dd80a6896}" behavior="0" />
      <RootComponent type="29" id="{fc59f571-3c19-f011-998a-001dd8084607}" behavior="0" />
      <RootComponent type="62" schemaName="crd26_AIHiringApp" behavior="0" />
      <RootComponent type="80" schemaName="crd26_AIHiringApp" behavior="0" />
      <RootComponent type="300" schemaName="saeltepu_resumeanalyzerapp_126ef" behavior="0" />
      <RootComponent type="401" id="{36beb15b-0b3c-435f-82ac-d19499689c8e}" behavior="0" />
      <RootComponent type="401" id="{c19a3156-d7ef-45ee-8db9-54afc16d2bf7}" behavior="0" />
    </RootComponents>
    <MissingDependencies>
      <MissingDependency>
        <Required type="61" schemaName="msdyn_/Images/AppModule_Default_Icon.png" displayName="msdyn_/Images/AppModule_Default_Icon.png" solution="AppModuleWebResources (2.5)" />
        <Dependent type="80" schemaName="crd26_AIHiringApp" displayName="Recruitment AI App" />
      </MissingDependency>
      <MissingDependency>
        <Required type="SettingDefinition" displayName="AppChannel" solution="msdyn_AppFrameworkInfraExtensions (1.0.0.12)" id.uniquename="AppChannel">
          <package appName="PowerAppsAppFramework Package" version="1.0.0.17">PowerAppsAppFramework_Anchor (1.0.0.17)</package>
        </Required>
        <Dependent type="AppSetting" displayName="parentappmoduleid.uniquename=crd26_AIHiringApp,settingdefinitionid.uniquename=AppChannel" id.parentappmoduleid.uniquename="crd26_AIHiringApp" id.settingdefinitionid.uniquename="AppChannel" />
      </MissingDependency>
    </MissingDependencies>
  </SolutionManifest>
</ImportExportXml>