{"properties":{"connectionReferences":{"shared_wordonlinebusiness":{"runtimeSource":"invoker","connection":{},"api":{"name":"shared_wordonlinebusiness"}},"shared_office365":{"runtimeSource":"invoker","connection":{},"api":{"name":"shared_office365"}}},"definition":{"$schema":"https://schema.management.azure.com/providers/Microsoft.Logic/schemas/2016-06-01/workflowdefinition.json#","contentVersion":"1.0.0.0","parameters":{"$connections":{"defaultValue":{},"type":"Object"},"$authentication":{"defaultValue":{},"type":"SecureObject"}},"triggers":{"manual":{"type":"Request","kind":"Button","inputs":{"schema":{"type":"object","properties":{"text":{"title":"InputText","type":"string","x-ms-dynamically-added":true,"description":"Please enter your input","x-ms-content-hint":"TEXT"}},"required":["text"]},"headersSchema":{"x-ms-user-email-encoded":{"title":"User email","type":"string","format":"byte","x-ms-dynamically-added":false}}}}},"actions":{"Text_Analytics_URL_(Copy_this_from_the_Azure_Portal)":{"runAfter":{},"type":"InitializeVariable","inputs":{"variables":[{"name":"TextAnalyticsUrl","type":"string","value":"<INSERT_REAL_URL_HERE>"}]}},"Text_Analytics_API_Key_(Copy_this_from_the_Azure_Portal)":{"runAfter":{"Text_Analytics_URL_(Copy_this_from_the_Azure_Portal)":["Succeeded"]},"type":"InitializeVariable","inputs":{"variables":[{"name":"TextAnalyticsApiKey","type":"string","value":"<INSER_REAL_API_KEY_HERE>"}]}},"HTTP_(using_v3.1-preview.3_version_of_Text_Analytics)":{"runAfter":{"Text_Analytics_API_Key_(Copy_this_from_the_Azure_Portal)":["Succeeded"]},"type":"Http","inputs":{"method":"POST","uri":"@{variables('TextAnalyticsUrl')}/text/analytics/v3.1-preview.3/entities/recognition/pii","headers":{"Content-Type":"application/json","Accept":"application/json","Ocp-Apim-Subscription-Key":"@variables('TextAnalyticsApiKey')"},"body":{"documents":[{"language":"en","id":"1","text":"@{triggerBody()['text']}"}]}}},"Parse_JSON":{"runAfter":{"HTTP_(using_v3.1-preview.3_version_of_Text_Analytics)":["Succeeded"]},"type":"ParseJson","inputs":{"content":"@body('HTTP_(using_v3.1-preview.3_version_of_Text_Analytics)')","schema":{"type":"object","properties":{"documents":{"type":"array","items":{"type":"object","properties":{"redactedText":{"type":"string"},"id":{"type":"string"},"entities":{"type":"array","items":{"type":"object","properties":{"text":{"type":"string"},"category":{"type":"string"},"offset":{"type":"integer"},"length":{"type":"integer"},"confidenceScore":{"type":"number"}},"required":["text","category","offset","length","confidenceScore"]}},"warnings":{"type":"array"}},"required":["redactedText","id","entities","warnings"]}},"errors":{"type":"array"},"modelVersion":{"type":"string"}}}}},"Extract_the_Redacted_Text":{"runAfter":{"Parse_JSON":["Succeeded"]},"type":"InitializeVariable","inputs":{"variables":[{"name":"RedactedTest","type":"string","value":"@{first(body('Parse_JSON')?['documents'])?['redactedText']}"}]}},"Populate_a_Microsoft_Word_template":{"runAfter":{"Extract_the_Redacted_Text":["Succeeded"]},"metadata":{"017SBC2LMOYQBUCUVM5NA2DES65YZQMYND":"/RedactionDemo/SurveyTemplate.docx"},"type":"OpenApiConnection","inputs":{"host":{"connectionName":"shared_wordonlinebusiness","operationId":"CreateFileItem","apiId":"/providers/Microsoft.PowerApps/apis/shared_wordonlinebusiness"},"parameters":{"source":"me","drive":"b!S3WRfe_u80C6Zw_eOgK6OZPMj2CH_DZMr-1zf_VbpUcxJIcOnQvoRoUlCUyEsJ5b","file":"017SBC2LMOYQBUCUVM5NA2DES65YZQMYND","dynamicFileSchema/815154374":"@variables('RedactedTest')","dynamicFileSchema/-883253391":"@utcNow()"},"authentication":{"type":"Raw","value":"@json(decodeBase64(triggerOutputs().headers['X-MS-APIM-Tokens']))['$ConnectionKey']"}}},"Send_an_email_(V2)":{"runAfter":{"Populate_a_Microsoft_Word_template":["Succeeded"]},"type":"OpenApiConnection","inputs":{"host":{"connectionName":"shared_office365","operationId":"SendEmailV2","apiId":"/providers/Microsoft.PowerApps/apis/shared_office365"},"parameters":{"emailMessage/To":"@triggerOutputs()['headers']['x-ms-user-email-encoded']","emailMessage/Subject":"Redacted Word Document","emailMessage/Body":"<p>Attached is the populated word doc that is redacted.</p>","emailMessage/Attachments":[{"Name":"Redaction.docx","ContentBytes":"@outputs('Populate_a_Microsoft_Word_template')?['body']"}]},"authentication":{"type":"Raw","value":"@json(decodeBase64(triggerOutputs().headers['X-MS-APIM-Tokens']))['$ConnectionKey']"}}}},"outputs":{}}},"schemaVersion":"1.0.0.0"}