<ImportExportXml xmlns:xsi="http://www.w3.org/2001/XMLSchema-instance">
  <Entities></Entities>
  <Roles></Roles>
  <Workflows>
    <Workflow WorkflowId="{cc46cfdf-669b-ea11-a811-001dd8018396}" Name="Power Apps Azure Gov Computer Vision Flow">
      <JsonFileName>/Workflows/PowerAppsAzureGovComputerVisionFlow-CC46CFDF-669B-EA11-A811-001DD8018396.json</JsonFileName>
      <Type>1</Type>
      <Subprocess>0</Subprocess>
      <Category>5</Category>
      <Mode>0</Mode>
      <Scope>4</Scope>
      <OnDemand>0</OnDemand>
      <TriggerOnCreate>0</TriggerOnCreate>
      <TriggerOnDelete>0</TriggerOnDelete>
      <AsyncAutodelete>0</AsyncAutodelete>
      <SyncWorkflowLogOnFailure>0</SyncWorkflowLogOnFailure>
      <StateCode>1</StateCode>
      <StatusCode>2</StatusCode>
      <RunAs>1</RunAs>
      <IsTransacted>1</IsTransacted>
      <IntroducedVersion>1.0</IntroducedVersion>
      <IsCustomizable>1</IsCustomizable>
      <IsCustomProcessingStepAllowedForOtherPublishers>1</IsCustomProcessingStepAllowedForOtherPublishers>
      <PrimaryEntity>none</PrimaryEntity>
      <LocalizedNames>
        <LocalizedName languagecode="1033" description="Power Apps Azure Gov Computer Vision Flow" />
      </LocalizedNames>
    </Workflow>
  </Workflows>
  <FieldSecurityProfiles></FieldSecurityProfiles>
  <Templates />
  <EntityMaps />
  <EntityRelationships />
  <OrganizationSettings />
  <optionsets />
  <CustomControls />
  <EntityDataProviders />
  <CanvasApps>
    <CanvasApp>
      <Name>cr37f_computervisioncanvasapp_cd7cf</Name>
      <AppVersion>2021-10-02T20:09:20Z</AppVersion>
      <Status>Ready</Status>
      <CreatedByClientVersion>3.21092.24.0</CreatedByClientVersion>
      <MinClientVersion>3.21092.24.0</MinClientVersion>
      <Tags>{"primaryDeviceWidth":"640","primaryDeviceHeight":"1136","sienaVersion":"9fc426d0-9872-48c0-8c77-772031419576","deviceCapabilities":"webcam","supportsPortrait":"true","supportsLandscape":"false","primaryFormFactor":"Phone","publisherVersion":"3.21092.24","minimumRequiredApiVersion":"2.2.0","hasComponent":"false","hasUnlockedComponent":"false","isUnifiedRootApp":"false"}</Tags>
      <IsCdsUpgraded>0</IsCdsUpgraded>
      <GalleryItemId xsi:nil="true"></GalleryItemId>
      <BackgroundColor>rgba(0, 176, 240, 1)</BackgroundColor>
      <DisplayName>Computer Vision Canvas App</DisplayName>
      <Description xsi:nil="true"></Description>
      <CommitMessage xsi:nil="true"></CommitMessage>
      <Publisher></Publisher>
      <AuthorizationReferences>[]</AuthorizationReferences>
      <ConnectionReferences>{"b4d574a6-e6fb-4af5-947f-5e843ab24e39":{"id":"/providers/microsoft.powerapps/apis/shared_logicflows","displayName":"Logic flows","iconUri":"https://connectoricons-prod.azureedge.net/releases/v1.0.1438/1.0.1438.2324/logicflows/icon.png","dataSources":["PowerAppsAzureGovComputerVisionFlow"],"dependencies":["1b1f2158-bca1-4dd8-8b47-f0c65dd712be"],"dependents":[],"parameterHints":{"workflowName":{"value":"3b8e051d-3071-4ca6-8aa1-18f14dc54e2e"},"workflowEntityId":{"value":"cc46cfdf-669b-ea11-a811-001dd8018396"},"1b1f2158-bca1-4dd8-8b47-f0c65dd712be":{"value":"shared_cognitiveservicescomputervision"}},"parameterHintsV2":{"workflowName":{"value":"3b8e051d-3071-4ca6-8aa1-18f14dc54e2e"},"workflowEntityId":{"value":"cc46cfdf-669b-ea11-a811-001dd8018396"},"shared_cognitiveservicescomputervision":{"value":"1b1f2158-bca1-4dd8-8b47-f0c65dd712be"}},"isOnPremiseConnection":false,"bypassConsent":false,"dataSets":{},"apiTier":"Standard","actions":["Run"]},"1b1f2158-bca1-4dd8-8b47-f0c65dd712be":{"id":"/providers/microsoft.powerapps/apis/shared_cognitiveservicescomputervision","displayName":"Computer Vision API","iconUri":"https://connectoricons-prod.azureedge.net/releases/v1.0.1516/1.0.1516.2558/cognitiveservicescomputervision/icon.png","dataSources":[],"dependencies":[],"dependents":["b4d574a6-e6fb-4af5-947f-5e843ab24e39"],"parameterHints":{},"parameterHintsV2":{},"isOnPremiseConnection":false,"sharedConnectionId":"6a281ebe-a7f1-4df1-ace3-c57e4b56e721","bypassConsent":false,"dataSets":{},"apiTier":"Standard"}}</ConnectionReferences>
      <DatabaseReferences>{}</DatabaseReferences>
      <AppComponents>[]</AppComponents>
      <AppComponentDependencies>[]</AppComponentDependencies>
      <CanvasAppType>0</CanvasAppType>
      <BypassConsent>0</BypassConsent>
      <AdminControlBypassConsent>0</AdminControlBypassConsent>
      <EmbeddedApp xsi:nil="true"></EmbeddedApp>
      <IntroducedVersion>1.0</IntroducedVersion>
      <CdsDependencies>{"cdsdependencies":[]}</CdsDependencies>
      <IsCustomizable>1</IsCustomizable>
      <BackgroundImageUri>/CanvasApps/cr37f_computervisioncanvasapp_cd7cf_BackgroundImageUri</BackgroundImageUri>
      <DocumentUri>/CanvasApps/cr37f_computervisioncanvasapp_cd7cf_DocumentUri.msapp</DocumentUri>
    </CanvasApp>
  </CanvasApps>
  <connectionreferences>
    <connectionreference connectionreferencelogicalname="cr37f_sharedcognitiveservicescomputervision_def23">
      <connectionreferencedisplayname>Computer Vision API</connectionreferencedisplayname>
      <connectorid>/providers/Microsoft.PowerApps/apis/shared_cognitiveservicescomputervision</connectorid>
      <iscustomizable>1</iscustomizable>
      <statecode>0</statecode>
      <statuscode>1</statuscode>
    </connectionreference>
  </connectionreferences>
  <Languages>
    <Language>1033</Language>
  </Languages>
</ImportExportXml>