<ImportExportXml version="9.2.23042.202" SolutionPackageVersion="9.2" languagecode="1033" generatedBy="CrmLive" xmlns:xsi="http://www.w3.org/2001/XMLSchema-instance">
  <SolutionManifest>
    <UniqueName>MixedRealityPOC</UniqueName>
    <LocalizedNames>
      <LocalizedName description="Mixed Reality POC" languagecode="1033" />
    </LocalizedNames>
    <Descriptions />
    <Version>1.0.0.4</Version>
    <Managed>0</Managed>
    <Publisher>
      <UniqueName>DEMO</UniqueName>
      <LocalizedNames>
        <LocalizedName description="Department of Equipment Maintenace and Operations" languagecode="1033" />
      </LocalizedNames>
      <Descriptions>
        <Description description="Department of Equipment Maintenace and Operations (DEMO)" languagecode="1033" />
      </Descriptions>
      <EMailAddress xsi:nil="true"></EMailAddress>
      <SupportingWebsiteUrl xsi:nil="true"></SupportingWebsiteUrl>
      <CustomizationPrefix>demo</CustomizationPrefix>
      <CustomizationOptionValuePrefix>34563</CustomizationOptionValuePrefix>
      <Addresses />
    </Publisher>
    <RootComponents>
      <RootComponent type="1" schemaName="demo_mrdemomeasurement" behavior="0" />
      <RootComponent type="1" schemaName="demo_mrdemophoto" behavior="0" />
      <RootComponent type="1" schemaName="demo_route" behavior="0" />
      <RootComponent type="1" schemaName="demo_segment" behavior="0" />
      <RootComponent type="29" id="{2d0be659-25fb-ed11-8848-001dd8072179}" behavior="0" />
      <RootComponent type="29" id="{3c0165fa-a0df-ed11-a7c6-001dd80704a5}" behavior="0" />
      <RootComponent type="29" id="{ae72290a-e2f4-ed11-a7c6-001dd8072721}" behavior="0" />
      <RootComponent type="300" schemaName="demo_measurementtool_d5b6e" behavior="0" />
      <RootComponent type="431" schemaName="demo_mrdemophoto demo_photo" behavior="0" />
      <RootComponent type="432" schemaName="demo_mrdemophoto" behavior="0" />
    </RootComponents>
    <MissingDependencies>
      <MissingDependency>
        <Required type="connectionreference" displayName="crebb_sharedsendmail_9ee9c" solution="Active" id.connectionreferencelogicalname="crebb_sharedsendmail_9ee9c" />
        <Dependent type="29" displayName="Email Report v2" id="{2d0be659-25fb-ed11-8848-001dd8072179}" />
      </MissingDependency>
      <MissingDependency>
        <Required type="connectionreference" displayName="crebb_sharedsendmail_9ee9c" solution="Active" id.connectionreferencelogicalname="crebb_sharedsendmail_9ee9c" />
        <Dependent type="29" displayName="Email Report" id="{ae72290a-e2f4-ed11-a7c6-001dd8072721}" />
      </MissingDependency>
    </MissingDependencies>
  </SolutionManifest>
</ImportExportXml>